Country_Code,GDP,year
AO,2775.74642272991,2018
AO,2911.60084214038,2017
AO,3020.98332805417,2016
AO,3213.90261080059,2015
AO,3300.73510980871,2014
AO,3268.63890723473,2013
AO,3236.57494513146,2012
AO,3099.9422899117,2011
AO,3114.69608592822,2010
AO,3100.60927365473,2009
AO,3193.28772270836,2008
AO,2983.0418728513,2007
AO,2716.25302638209,2006
AO,2526.41057941008,2005
AO,2277.86696532928,2004
AO,2128.19579323903,2003
AO,2139.87259662901,2002
AO,1947.85672988915,2001
AO,1932.98847886814,2000
AO,1938.86184025918,1999
AO,1961.03722525713,1998
AO,1936.91619338589,1997
AO,1867.93503101029,1996
AO,1701.69727652709,1995
AO,1529.994431256,1994
AO,1559.517151584,1993
AO,2118.16654532324,1992
AO,2324.36937619854,1991
AO,2380.17624300565,1990
AO,2550.29431304775,1989
AO,2637.78185527742,1988
AO,2571.49691872454,1987
AO,2557.95883799319,1986
AO,2577.46509177461,1985
AO,2583.61982616848,1984
AO,2529.40192266936,1983
AO,2519.35158518789,1982
AO,2613.73938612911,1981
AO,2835.45918525994,1980
AO,NA,1979
AO,NA,1978
AO,NA,1977
AO,NA,1976
AO,NA,1975
AO,NA,1974
AO,NA,1973
AO,NA,1972
AO,NA,1971
AO,NA,1970
AO,NA,1969
AO,NA,1968
AO,NA,1967
AO,NA,1966
AO,NA,1965
AO,NA,1964
AO,NA,1963
AO,NA,1962
AO,NA,1961
AO,NA,1960
BI,265.672394335817,2018
BI,269.47688960656,2017
BI,274.513363399011,2016
BI,280.966831311923,2015
BI,299.077479357732,2014
BI,296.816900573427,2013
BI,293.232620547249,2012
BI,290.948032142504,2011
BI,289.856950614392,2010
BI,288.941917826614,2009
BI,292.793764973044,2008
BI,290.979116170807,2007
BI,291.866399549575,2006
BI,287.030688980174,2005
BI,295.235119511615,2004
BI,292.318595090044,2003
BI,305.4383585397,2002
BI,300.799882759047,2001
BI,302.219163799824,2000
BI,311.230622126912,1999
BI,322.030961886279,1998
BI,313.357142719203,1997
BI,318.395682563648,1996
BI,346.321302413385,1995
BI,399.309631526324,1994
BI,417.919297574139,1993
BI,431.918861835852,1992
BI,439.186232093461,1991
BI,427.030031561228,1990
BI,421.287694857326,1989
BI,423.919810604935,1988
BI,412.654046294404,1987
BI,400.156015299278,1986
BI,394.902104849267,1985
BI,360.98937587784,1984
BI,369.268854137523,1983
BI,365.710192122894,1982
BI,378.943663862466,1981
BI,351.900419860718,1980
BI,363.382611221262,1979
BI,366.426911477842,1978
BI,380.747850621793,1977
BI,350.45300889241,1976
BI,332.021353354811,1975
BI,338.001655805809,1974
BI,349.110750686492,1973
BI,326.146546923774,1972
BI,348.446416961289,1971
BI,347.474495973999,1970
BI,292.685745718482,1969
BI,303.540804264871,1968
BI,311.798763802316,1967
BI,280.9791596902,1966
BI,275.137917931711,1965
BI,272.062735830387,1964
BI,263.40036642487,1963
BI,258.32430129828,1962
BI,242.941546520881,1961
BI,288.878981794325,1960
BJ,1071.50452156932,2018
BJ,1032.90471194182,2017
BJ,1006.03926633023,2016
BJ,1002.41886879614,2015
BJ,1014.4330062135,2014
BJ,982.399206290516,2013
BJ,943.918771531001,2012
BJ,927.716412836707,2011
BJ,928.246655329144,2010
BJ,936.565651071554,2009
BJ,943.203380303862,2008
BJ,926.740113754071,2007
BJ,900.62053578735,2006
BJ,893.91536869992,2005
BJ,907.624431209378,2004
BJ,896.146763201736,2003
BJ,893.137100961634,2002
BJ,879.854463773645,2001
BJ,861.213292013209,2000
BJ,838.976786975768,1999
BJ,821.459971433599,1998
BJ,814.901395438676,1997
BJ,793.7950526962,1996
BJ,781.0647884601,1995
BJ,752.277508740764,1994
BJ,765.479914438342,1993
BJ,756.080888165851,1992
BJ,757.403145107877,1991
BJ,749.459666582926,1990
BJ,709.188907710243,1989
BJ,752.704034985609,1988
BJ,750.403840602099,1987
BJ,785.143070110497,1986
BJ,791.727164830118,1985
BJ,758.361165674301,1984
BJ,723.483520668885,1983
BJ,778.638765032765,1982
BJ,783.925193667226,1981
BJ,733.490637341118,1980
BJ,706.10443231183,1979
BJ,680.651097993039,1978
BJ,689.858786250037,1977
BJ,674.040866533898,1976
BJ,684.962291595042,1975
BJ,737.948326243781,1974
BJ,731.313119718855,1973
BJ,721.876315776552,1972
BJ,694.034044850035,1971
BJ,720.605098618137,1970
BJ,721.532496801575,1969
BJ,716.640156003181,1968
BJ,704.838581809146,1967
BJ,711.858170524999,1966
BJ,701.332145059658,1965
BJ,679.356446871351,1964
BJ,649.260123067951,1963
BJ,631.42071510316,1962
BJ,665.431250366532,1961
BJ,655.913007563868,1960
BF,694.492813126351,2018
BF,669.276310328333,2017
BF,648.420480176012,2016
BF,630.124750752312,2015
BF,624.576885187665,2014
BF,616.741331164082,2013
BF,600.731343697818,2012
BF,581.603658737407,2011
BF,561.847221302489,2010
BF,533.470084831931,2009
BF,533.471299938288,2008
BF,519.26101218434,2007
BF,514.113131757062,2006
BF,499.192797571217,2005
BF,474.086412333459,2004
BF,468.263047790124,2003
BF,448.128856317091,2002
BF,442.914122870048,2001
BF,428.309796566198,2000
BF,433.104727597234,1999
BF,415.273513470241,1998
BF,397.838955257373,1997
BF,383.973583031147,1996
BF,354.841188502861,1995
BF,344.371184069503,1994
BF,348.581211032689,1993
BF,345.401816823349,1992
BF,353.206720757378,1991
BF,332.153276660935,1990
BF,343.089820260752,1989
BF,344.904464201203,1988
BF,334.888996959212,1987
BF,344.993912306641,1986
BF,328.715164630481,1985
BF,311.788334185274,1984
BF,326.730273513319,1983
BF,334.96046501527,1982
BF,314.286582559959,1981
BF,309.805283645997,1980
BF,315.71696837442,1979
BF,312.546378441226,1978
BF,306.319820987094,1977
BF,312.385989060691,1976
BF,294.050755641012,1975
BF,291.303145502961,1974
BF,274.152506421818,1973
BF,277.846496112942,1972
BF,276.290476527029,1971
BF,277.184105813715,1970
BF,281.73763833434,1969
BF,280.960315015046,1968
BF,277.313189171404,1967
BF,259.130285238002,1966
BF,262.001316967784,1965
BF,256.568911549561,1964
BF,254.731183016035,1963
BF,261.880916903197,1962
BF,250.394091012667,1961
BF,244.167257873365,1960
BW,6843.84612121161,2018
BW,6662.5764477869,2017
BW,6490.83463593483,2016
BW,6141.20394726616,2015
BW,6547.12253923766,2014
BW,6284.97677820877,2013
BW,5742.919242654,2012
BW,5850.07858485864,2011
BW,5584.50343260122,2010
BW,5179.4138607146,2009
BW,6158.61629368051,2008
BW,6085.6354476126,2007
BW,5865.00026521361,2006
BW,5514.21742664705,2005
BW,5369.42516766112,2004
BW,5320.440295139,2003
BW,5175.47655317231,2002
BW,4971.96371794188,2001
BW,5062.64289173588,2000
BW,5070.94772048729,1999
BW,4724.93670942028,1998
BW,4809.4439184672,1997
BW,4543.2105349273,1996
BW,4399.1388580936,1995
BW,4219.4408088678,1994
BW,4186.14547358363,1993
BW,4226.73999498293,1992
BW,4224.09857544948,1991
BW,4039.46544455099,1990
BW,3888.73045113925,1989
BW,3536.42325387877,1988
BW,3050.23176245012,1987
BW,2816.7693715823,1986
BW,2693.78188151685,1985
BW,2603.44865679004,1984
BW,2484.51795571067,1983
BW,2276.04982459673,1982
BW,2111.34563888905,1981
BW,2002.99615272235,1980
BW,1859.49457887642,1979
BW,1760.57070364001,1978
BW,1635.51259140874,1977
BW,1539.17387299982,1976
BW,1464.68785200858,1975
BW,1419.44206854257,1974
BW,1370.73282732856,1973
BW,1184.47370056075,1972
BW,971.592899383618,1971
BW,785.474884442778,1970
BW,674.389989055809,1969
BW,588.907189594904,1968
BW,535.405247145742,1967
BW,508.141727280139,1966
BW,480.490649773385,1965
BW,460.824434130607,1964
BW,441.728045569419,1963
BW,426.901637851857,1962
BW,409.502166469248,1961
BW,393.861742487166,1960
CF,395.020015455909,2018
CF,387.35795131742,2017
CF,376.858254120398,2016
CF,366.322853938121,2015
CF,351.561554911625,2014
CF,349.821171688973,2013
CF,553.729578314912,2012
CF,532.38295493852,2011
CF,519.141456408484,2010
CF,492.215398914836,2009
CF,450.313616886022,2008
CF,450.762785401893,2007
CF,439.294330902768,2006
CF,427.968043155237,2005
CF,433.825227770233,2004
CF,418.240532289858,2003
CF,452.808702217035,2002
CF,446.658634192083,2001
CF,437.168928414826,2000
CF,460.827900216085,1999
CF,457.148858416438,1998
CF,448.634663639551,1997
CF,437.925054761723,1996
CF,468.150527620686,1995
CF,448.784442959801,1994
CF,441.384907508364,1993
CF,454.148968239471,1992
CF,500.991150890901,1991
CF,519.786735961912,1990
CF,547.973638780833,1989
CF,551.209370152878,1988
CF,551.039434586106,1987
CF,587.348322352386,1986
CF,574.324850721819,1985
CF,559.576063736741,1984
CF,517.400561236801,1983
CF,569.909860587753,1982
CF,535.271803204363,1981
CF,549.851069399498,1980
CF,581.982298397451,1979
CF,603.119667759043,1978
CF,602.199701083141,1977
CF,586.137157573357,1976
CF,564.260762473446,1975
CF,573.024209010012,1974
CF,549.35454984184,1973
CF,549.598711724139,1972
CF,560.464655722271,1971
CF,565.812174200598,1970
CF,565.30834319678,1969
CF,540.093413129288,1968
CF,544.747072768765,1967
CF,531.90309134597,1966
CF,539.817040213822,1965
CF,545.874892158702,1964
CF,545.581408664112,1963
CF,560.326768152575,1962
CF,593.189558332525,1961
CF,575.894391468806,1960
CM,1461.01969999317,2018
CM,1444.90682916573,2017
CM,1435.61830727839,2016
CM,1415.00009710569,2015
CM,1381.81938454907,2014
CM,1347.2130636706,2013
CM,1319.66961634054,2012
CM,1297.3064962694,2011
CM,1290.9013745759,2010
CM,1290.89961351149,2009
CM,1295.02211276052,2008
CM,1295.73067471287,2007
CM,1277.32990712342,2006
CM,1264.74345218659,2005
CM,1271.74326874167,2004
CM,1221.09446141454,2003
CM,1189.96707897027,2002
CM,1169.92670464984,2001
CM,1151.27689302947,2000
CM,1138.36298546565,1999
CM,1118.50819963079,1998
CM,1096.69757735007,1997
CM,1077.38925202961,1996
CM,1062.01607349987,1995
CM,1060.87326552909,1994
CM,1070.98275377636,1993
CM,1196.85081918895,1992
CM,1271.04658608388,1991
CM,1360.47765296011,1990
CM,1492.28176078781,1989
CM,1565.13475286994,1988
CM,1749.42466570751,1987
CM,1842.96431745669,1986
CM,1778.88090277491,1985
CM,1695.95061001327,1984
CM,1622.46829304371,1983
CM,1549.61272438048,1982
CM,1475.98950174546,1981
CM,1305.68366184321,1980
CM,1375.91817432986,1979
CM,1334.48750457376,1978
CM,1124.03776731799,1977
CM,1014.07667154038,1976
CM,1102.17636716094,1975
CM,1018.79726418801,1974
CM,945.932707437732,1973
CM,922.880502053864,1972
CM,923.604760607703,1971
CM,916.710625779195,1970
CM,912.754108454771,1969
CM,892.491104144478,1968
CM,860.08689924625,1967
CM,988.594437772544,1966
CM,966.950594049791,1965
CM,969.229047665523,1964
CM,956.891728661397,1963
CM,942.759289850998,1962
CM,932.280026939942,1961
CM,935.699954812011,1960
CV,3853.67940035241,2018
CV,3719.71306047915,2017
CV,3560.1400729534,2016
CV,3415.06266730931,2015
CV,3383.8422809791,2014
CV,3361.09387702205,2013
CV,3341.7421054836,2012
CV,3309.20121643898,2011
CV,3194.61667734233,2010
CV,3159.58698693977,2009
CV,3238.44159287498,2008
CV,3056.97102851154,2007
CV,2683.83943856892,2006
CV,2514.16779255327,2005
CV,2379.79636224135,2004
CV,2186.89500422765,2003
CV,2127.70872296502,2002
CV,2051.21733888102,2001
CV,2037.31720912714,2000
CV,1809.80582624137,1999
CV,1652.11117220593,1998
CV,1492.01847422507,1997
CV,1365.49820603623,1996
CV,1248.28104350759,1995
CV,1113.93806476467,1994
CV,953.861011115729,1993
CV,896.519359558541,1992
CV,826.681399309547,1991
CV,835.120723175504,1990
CV,846.574036092057,1989
CV,813.037458467319,1988
CV,777.830957355952,1987
CV,756.26010041403,1986
CV,745.620229080143,1985
CV,696.047255683761,1984
CV,680.309270761066,1983
CV,630.373215165836,1982
CV,622.175843789433,1981
CV,581.755065828323,1980
CV,NA,1979
CV,NA,1978
CV,NA,1977
CV,NA,1976
CV,NA,1975
CV,NA,1974
CV,NA,1973
CV,NA,1972
CV,NA,1971
CV,NA,1970
CV,NA,1969
CV,NA,1968
CV,NA,1967
CV,NA,1966
CV,NA,1965
CV,NA,1964
CV,NA,1963
CV,NA,1962
CV,NA,1961
CV,NA,1960
DZ,4717.0035885361,2018
DZ,4742.90075532529,2017
DZ,4768.73140081027,2016
DZ,4685.05902729002,2015
DZ,4634.10149179952,2014
DZ,4543.23444006767,2013
DZ,4518.43978956464,2012
DZ,4501.3543013352,2011
DZ,4456.6102741643,2010
DZ,4336.10054052949,2009
DZ,4367.56538017541,2008
DZ,4339.25055772831,2007
DZ,4279.61547120827,2006
DZ,4223.60252133943,2005
DZ,4066.28204806495,2004
DZ,3945.89816094007,2003
DZ,3754.66081538446,2002
DZ,3610.00605631983,2001
DZ,3553.32420521991,2000
DZ,3471.49196276497,1999
DZ,3410.88254401644,1998
DZ,3297.46603361265,1997
DZ,3322.95538141474,1996
DZ,3255.18726869561,1995
DZ,3201.56914402566,1994
DZ,3302.91950568634,1993
DZ,3455.92936294162,1992
DZ,3478.50976269176,1991
DZ,3605.68701212608,1990
DZ,3666.85307879595,1989
DZ,3606.26838801656,1988
DZ,3746.16566713693,1987
DZ,3888.36475872916,1986
DZ,4002.55619415318,1985
DZ,3993.39540513038,1984
DZ,3912.93659124038,1983
DZ,3840.57538596882,1982
DZ,3731.93905389477,1981
DZ,3742.71024718729,1980
DZ,3830.80959219257,1979
DZ,3672.11777956222,1978
DZ,3459.30399620709,1977
DZ,3408.01820820021,1976
DZ,3290.82760114691,1975
DZ,3245.60799488701,1974
DZ,3093.38055507312,1973
DZ,3050.82216641747,1972
DZ,2449.95226859772,1971
DZ,2826.24146248781,1970
DZ,2655.44328833884,1969
DZ,2505.31409679333,1968
DZ,2313.2585876383,1967
DZ,2161.49133930108,1966
DZ,2311.73974611394,1965
DZ,2209.90697857327,1964
DZ,2122.43109189689,1963
DZ,1604.48773834557,1962
DZ,2027.2735152594,1961
DZ,2388.42007866513,1960
TD,898.669040353434,2018
TD,878.913785540893,2017
TD,923.494348293965,2016
TD,993.990730610869,2015
TD,993.25648925195,2014
TD,1008.54996552116,2013
TD,1016.65896756228,2012
TD,965.593242567789,2011
TD,956.724153813537,2010
TD,870.353795767171,2009
TD,914.250602943879,2008
TD,918.265540053882,2007
TD,910.773451555824,2006
TD,949.086011648517,2005
TD,842.158764877398,2004
TD,658.928454990582,2003
TD,597.786883652378,2002
TD,570.530862613474,2001
TD,528.492179115295,2000
TD,551.947186722004,1999
TD,575.613454821804,1998
TD,557.037835216989,1997
TD,545.748810715064,1996
TD,558.105168632108,1995
TD,576.125343212834,1994
TD,535.275325824833,1993
TD,650.191392560677,1992
TD,628.115135165801,1991
TD,600.276187628904,1990
TD,644.025132143813,1989
TD,635.204573980029,1988
TD,568.987981296974,1987
TD,603.697856712232,1986
TD,648.505099313552,1985
TD,537.861632659426,1984
TD,534.050627731447,1983
TD,485.113211509701,1982
TD,482.648876976385,1981
TD,478.249651499359,1980
TD,510.17200603682,1979
TD,663.254008649591,1978
TD,678.644466468524,1977
TD,676.360008407041,1976
TD,670.031722133696,1975
TD,628.044931446613,1974
TD,612.23334700116,1973
TD,684.14119695127,1972
TD,691.632027177143,1971
TD,722.62143852215,1970
TD,724.334592296831,1969
TD,691.503460575667,1968
TD,708.483915631293,1967
TD,716.904546203233,1966
TD,744.526651947738,1965
TD,754.973457100007,1964
TD,790.326588978904,1963
TD,819.690432670766,1962
TD,793.902104942246,1961
TD,798.903056875694,1960
CI,2013.32307598499,2018
CI,1972.81431788947,2017
CI,1889.27777949938,2016
CI,1814.71855088017,2015
CI,1742.53693001178,2014
CI,1632.32712787006,2013
CI,1503.43433046682,2012
CI,1426.46463864534,2011
CI,1540.52927270246,2010
CI,1473.9183699329,2009
CI,1454.62731800082,2008
CI,1420.1738958245,2007
CI,1437.77453798586,2006
CI,1431.73320203111,2005
CI,1451.86547141894,2004
CI,1441.58801755037,2003
CI,1551.27925902838,2002
CI,1636.57318705218,2001
CI,1717.95385651231,2000
CI,1770.86540389357,1999
CI,1808.42289027986,1998
CI,1801.13163122133,1997
CI,1706.97650014485,1996
CI,1647.08777075504,1995
CI,1598.69239055813,1994
CI,1649.47036183619,1993
CI,1719.71261335163,1992
CI,1794.12062566918,1991
CI,1866.0785698741,1990
CI,1962.42170003804,1989
CI,1981.38877451772,1988
CI,2035.62090959375,1987
CI,2123.07460132975,1986
CI,2138.06011188618,1985
CI,2128.64190478015,1984
CI,2276.86700017061,1983
CI,2466.30363782942,1982
CI,2562.42591923373,1981
CI,2576.91660095729,1980
CI,3010.66074752137,1979
CI,3055.94030479339,1978
CI,2861.15876809449,1977
CI,2765.86772079083,1976
CI,2551.2970644557,1975
CI,2466.81998522238,1974
CI,2475.02677039287,1973
CI,2445.07611276194,1972
CI,2453.14652785489,1971
CI,2340.31065205636,1970
CI,2209.89957239449,1969
CI,2099.19940540587,1968
CI,1939.09574002605,1967
CI,1927.01291240163,1966
CI,1795.15446525207,1965
CI,1925.78185183022,1964
CI,1701.85098116155,1963
CI,1544.73084077175,1962
CI,1584.79700802047,1961
CI,1495.16746754194,1960
CD,473.294077418165,2018
CD,462.482920889479,2017
CD,462.47214741215,2016
CD,467.9145805459,2015
CD,452.339650501681,2014
CD,427.458520350728,2013
CD,407.671076943679,2012
CD,393.616173563894,2011
CD,380.578038274352,2010
CD,366.830226544363,2009
CD,367.843747648712,2008
CD,356.886805082139,2007
CD,346.179697463638,2006
CD,338.980980805364,2005
CD,329.3490636773,2004
CD,317.778121357431,2003
CD,309.911785375198,2002
CD,310.380267408895,2001
CD,327.240142486849,2000
CD,362.993793858463,1999
CD,392.136003823522,1998
CD,409.588064385259,1997
CD,440.994059132614,1996
CD,454.200631347294,1995
CD,470.161734645697,1994
CD,512.954857325072,1993
CD,614.369536883349,1992
CD,710.032087422205,1991
CD,801.567015056407,1990
CD,886.860720480585,1989
CD,927.077247982041,1988
CD,952.77108292065,1987
CD,957.671957013036,1986
CD,943.793842641303,1985
CD,971.071374827525,1984
CD,951.358551446458,1983
CD,968.331830863816,1982
CD,1002.41537708901,1981
CD,1008.33935841626,1980
CD,1018.10162802476,1979
CD,1050.00742208486,1978
CD,1144.26482649245,1977
CD,1164.70931403705,1976
CD,1262.2249737007,1975
CD,1364.0849388945,1974
CD,1358.50275240035,1973
CD,1290.35656703292,1972
CD,1322.99781988124,1971
CD,1282.64331582123,1970
CD,1323.0460114718,1969
CD,1245.68660892435,1968
CD,1229.48528952487,1967
CD,1278.48523292439,1966
CD,1231.99389442249,1965
CD,1253.81952670838,1964
CD,1320.03817859144,1963
CD,1288.32777649995,1962
CD,1091.02374380592,1961
CD,1255.69660853314,1960
CG,1909.9560382117,2018
CG,2003.27121075187,2017
CG,2174.19310251224,2016
CG,2439.35189403696,2015
CG,2488.68118548992,2014
CG,2390.65754938662,2013
CG,2467.06102906839,2012
CG,2307.49384399715,2011
CG,2332.28508055953,2010
CG,2211.31572382028,2009
CG,2061.55829880574,2008
CG,2004.10103961966,2007
CG,2226.0233547376,2006
CG,2140.03686200251,2005
CG,2058.88402946896,2004
CG,2058.88683675038,2003
CG,2100.16876714574,2002
CG,2056.16505922617,2001
CG,2057.01922023551,2000
CG,1986.8478922289,1999
CG,2095.34403570595,1998
CG,2064.7536042465,1997
CG,2122.62819294837,1996
CG,2092.54337905245,1995
CG,2069.79640456567,1994
CG,2255.94360801961,1993
CG,2346.67913794406,1992
CG,2352.52754080776,1991
CG,2363.76701814587,1990
CG,2408.14159896257,1989
CG,2415.94091643835,1988
CG,2443.79019878646,1987
CG,2511.48682046393,1986
CG,2776.76428489105,1985
CG,2894.09973517119,1984
CG,2773.62663758927,1983
CG,2674.95109240622,1982
CG,2211.31674185091,1981
CG,1921.96861829766,1980
CG,1670.77966059118,1979
CG,1556.66717228441,1978
CG,1498.31802356781,1977
CG,1685.48230892799,1976
CG,1711.43754680841,1975
CG,1633.5218596222,1974
CG,1562.12627199102,1973
CG,1489.16526262926,1972
CG,1414.23871124911,1971
CG,1353.23817407044,1970
CG,1311.23001699027,1969
CG,1255.92951871902,1968
CG,1201.40130423722,1967
CG,1210.73883952684,1966
CG,1228.77600898682,1965
CG,1218.55873958116,1964
CG,1206.1534137723,1963
CG,1290.76325572732,1962
CG,1259.50432623652,1961
CG,1192.85616529576,1960
KM,1413.98188639216,2018
KM,1385.61417581045,2017
KM,1338.59046548627,2016
KM,1329.3704808998,2015
KM,1331.21227800861,2014
KM,1309.47579833416,2013
KM,1227.8383415516,2012
KM,1178.42049434859,2011
KM,1135.3590787937,2010
KM,1105.09838128939,2009
KM,1058.62282121214,2008
KM,1038.68653866198,2007
KM,1051.1859194001,2006
KM,1044.94496999226,2005
KM,1037.06257910624,2004
KM,1037.00510726154,2003
KM,1035.39872091786,2002
KM,1033.51343021937,2001
KM,1030.93947568487,2000
KM,948.077367118187,1999
KM,946.902597436713,1998
KM,951.151466490866,1997
KM,930.186016212105,1996
KM,958.726199589545,1995
KM,941.525836670771,1994
KM,1011.72827202575,1993
KM,1000.29824887648,1992
KM,941.006198383295,1991
KM,1019.19559721551,1990
KM,995.555317484544,1989
KM,1056.09369084384,1988
KM,1056.63980992105,1987
KM,1068.56640049116,1986
KM,1078.59581109137,1985
KM,1084.47409823235,1984
KM,1071.16981060172,1983
KM,1050.78238258151,1982
KM,1015.47496830874,1981
KM,1005.65620754953,1980
KM,NA,1979
KM,NA,1978
KM,NA,1977
KM,NA,1976
KM,NA,1975
KM,NA,1974
KM,NA,1973
KM,NA,1972
KM,NA,1971
KM,NA,1970
KM,NA,1969
KM,NA,1968
KM,NA,1967
KM,NA,1966
KM,NA,1965
KM,NA,1964
KM,NA,1963
KM,NA,1962
KM,NA,1961
KM,NA,1960
DJ,2677.1650334451,2018
DJ,2596.45134698268,2017
DJ,2502.85181449431,2016
DJ,2376.12554719873,2015
DJ,2253.14082249768,2014
DJ,2140.13769442336,2013
DJ,NA,2012
DJ,NA,2011
DJ,NA,2010
DJ,NA,2009
DJ,NA,2008
DJ,NA,2007
DJ,NA,2006
DJ,NA,2005
DJ,NA,2004
DJ,NA,2003
DJ,NA,2002
DJ,NA,2001
DJ,NA,2000
DJ,NA,1999
DJ,NA,1998
DJ,NA,1997
DJ,NA,1996
DJ,NA,1995
DJ,NA,1994
DJ,NA,1993
DJ,NA,1992
DJ,NA,1991
DJ,NA,1990
DJ,NA,1989
DJ,NA,1988
DJ,NA,1987
DJ,NA,1986
DJ,NA,1985
DJ,NA,1984
DJ,NA,1983
DJ,NA,1982
DJ,NA,1981
DJ,NA,1980
DJ,NA,1979
DJ,NA,1978
DJ,NA,1977
DJ,NA,1976
DJ,NA,1975
DJ,NA,1974
DJ,NA,1973
DJ,NA,1972
DJ,NA,1971
DJ,NA,1970
DJ,NA,1969
DJ,NA,1968
DJ,NA,1967
DJ,NA,1966
DJ,NA,1965
DJ,NA,1964
DJ,NA,1963
DJ,NA,1962
DJ,NA,1961
DJ,NA,1960
EG,3568.63966286161,2018
EG,3452.90961245539,2017
EG,3381.22246306207,2016
EG,3306.98159414141,2015
EG,3235.66246235257,2014
EG,3216.3783902629,2013
EG,3220.99194203067,2012
EG,3222.37650111856,2011
EG,3233.84521246786,2010
EG,3135.09661303014,2009
EG,3052.21297844721,2008
EG,2902.06559804963,2007
EG,2761.62410769792,2006
EG,2635.70305227819,2005
EG,2574.42341789124,2004
EG,2524.80477192682,2003
EG,2498.48121191713,2002
EG,2492.03441188721,2001
EG,2458.60835003016,2000
EG,2361.86425101237,1999
EG,2277.28504834543,1998
EG,2204.66575942323,1997
EG,2133.64804177125,1996
EG,2074.8399114013,1995
EG,2024.95373805139,1994
EG,1989.9792002068,1993
EG,1979.02010131221,1992
EG,1940.10019358455,1991
EG,1972.13789303215,1990
EG,1921.85630400049,1989
EG,1882.26797772878,1988
EG,1835.1134262347,1987
EG,1817.07625746528,1986
EG,1785.07842980601,1985
EG,1738.32577314685,1984
EG,1632.38201364179,1983
EG,1599.40083221654,1982
EG,1495.85483053225,1981
EG,1431.40108168965,1980
EG,1335.53152120136,1979
EG,1309.77615131996,1978
EG,1235.69710073247,1977
EG,1160.79193679355,1976
EG,1048.96951157098,1975
EG,985.86207772329,1974
EG,993.429316293112,1973
EG,982.105208413219,1972
EG,975.172435736887,1971
EG,959.056055292103,1970
EG,930.030902264785,1969
EG,905.16466450931,1968
EG,942.860658091527,1967
EG,958.850656911766,1966
EG,935.954213451495,1965
EG,915.128632875069,1964
EG,842.326112348388,1963
EG,782.464128955335,1962
EG,773.359952691562,1961
EG,754.665127408056,1960
ER,NA,2018
ER,NA,2017
ER,NA,2016
ER,NA,2015
ER,NA,2014
ER,NA,2013
ER,NA,2012
ER,751.374899794668,2011
ER,703.877374381654,2010
ER,702.430936480778,2009
ER,693.398874212494,2008
ER,789.072701743247,2007
ER,789.402432018085,2006
ER,809.794793468889,2005
ER,808.591420184592,2004
ER,830.379672282601,2003
ER,889.009113592982,2002
ER,893.268735439193,2001
ER,845.132430060544,2000
ER,886.053679218386,1999
ER,899.082974199102,1998
ER,895.033773452053,1997
ER,838.660572635214,1996
ER,806.702995328956,1995
ER,829.915037227268,1994
ER,705.988405158037,1993
ER,642.072233527209,1992
ER,NA,1991
ER,NA,1990
ER,NA,1989
ER,NA,1988
ER,NA,1987
ER,NA,1986
ER,NA,1985
ER,NA,1984
ER,NA,1983
ER,NA,1982
ER,NA,1981
ER,NA,1980
ER,NA,1979
ER,NA,1978
ER,NA,1977
ER,NA,1976
ER,NA,1975
ER,NA,1974
ER,NA,1973
ER,NA,1972
ER,NA,1971
ER,NA,1970
ER,NA,1969
ER,NA,1968
ER,NA,1967
ER,NA,1966
ER,NA,1965
ER,NA,1964
ER,NA,1963
ER,NA,1962
ER,NA,1961
ER,NA,1960
ET,734.227726647201,2018
ET,706.164227383539,2017
ET,662.32729587522,2016
ET,621.845673808133,2015
ET,578.632922927814,2014
ET,539.072451759432,2013
ET,500.91935528473,2012
ET,474.159034335212,2011
ET,438.78661648794,2010
ET,401.068729929542,2009
ET,379.238310448137,2008
ET,352.360703147015,2007
ET,325.543392093065,2006
ET,302.475022727211,2005
ET,278.648105685268,2004
ET,252.806674812798,2003
ET,266.316614456911,2002
ET,270.451435406908,2001
ET,257.412698845664,2000
ET,250.235771300168,1999
ET,245.504476745904,1998
ET,262.411339258283,1997
ET,262.724718922724,1996
ET,241.526301068537,1995
ET,235.4623750444,1994
ET,236.26671542506801,1993
ET,216.292535524802,1992
ET,247.009335840842,1991
ET,277.768887497322,1990
ET,280.592968440485,1989
ET,292.637021285122,1988
ET,302.765063691614,1987
ET,275.128117611222,1986
ET,258.416525420403,1985
ET,299.134295590365,1984
ET,316.020252495738,1983
ET,300.24593712377,1982
ET,309.296010987799,1981
ET,303.847990909372,1980
ET,287.089780464543,1979
ET,294.622554732376,1978
ET,291.670235643472,1977
ET,289.454156996896,1976
ET,296.414426867228,1975
ET,300.010118382265,1974
ET,298.112378618236,1973
ET,291.268461064723,1972
ET,287.023195789028,1971
ET,276.902884011507,1970
ET,275.061434693947,1969
ET,278.861265577108,1968
ET,275.270284643403,1967
ET,271.60348215663,1966
ET,259.915857989767,1965
ET,252.419740478843,1964
ET,248.969086386249,1963
ET,244.424431692123,1962
ET,240.267722018069,1961
ET,NA,1960
GQ,6578.90039765711,2018
GQ,7259.10936454803,2017
GQ,7971.83401904573,2016
GQ,9068.91003238645,2015
GQ,10363.4872473549,2014
GQ,10731.6455729191,2013
GQ,11650.7196270884,2012
GQ,11203.9073679091,2011
GQ,10984.3243932426,2010
GQ,12627.862381545,2009
GQ,13048.0703050168,2008
GQ,11594.9172068456,2007
GQ,10521.9996774827,2006
GQ,10212.4545051498,2005
GQ,9208.60566707162,2004
GQ,7082.65489186921,2003
GQ,6604.0054631081,2002
GQ,5882.85050306586,2001
GQ,3839.08642737128,2000
GQ,3423.12126162912,1999
GQ,2833.33184629343,1998
GQ,2380.32106827232,1997
GQ,989.777266733629,1996
GQ,617.294826128754,1995
GQ,545.595470854948,1994
GQ,485.392231712925,1993
GQ,453.637813917068,1992
GQ,349.352882285968,1991
GQ,366.314404747023,1990
GQ,387.128291910418,1989
GQ,407.241360186669,1988
GQ,412.790221907507,1987
GQ,412.631312540002,1986
GQ,443.495676350693,1985
GQ,415.030661056574,1984
GQ,436.571815905833,1983
GQ,443.126779908143,1982
GQ,460.694903212463,1981
GQ,457.608857542671,1980
GQ,NA,1979
GQ,NA,1978
GQ,NA,1977
GQ,NA,1976
GQ,NA,1975
GQ,NA,1974
GQ,NA,1973
GQ,NA,1972
GQ,NA,1971
GQ,NA,1970
GQ,NA,1969
GQ,NA,1968
GQ,NA,1967
GQ,NA,1966
GQ,NA,1965
GQ,NA,1964
GQ,NA,1963
GQ,NA,1962
GQ,NA,1961
GQ,NA,1960
SZ,3560.81449068718,2018
SZ,3584.61802626857,2017
SZ,3559.85099149342,2016
SZ,3420.75357067279,2015
SZ,3371.35427308353,2014
SZ,3342.18695835877,2013
SZ,3235.47890805132,2012
SZ,3086.37215510448,2011
SZ,3035.32777964884,2010
SZ,2941.57575783243,2009
SZ,2914.87429866549,2008
SZ,2910.69700039141,2007
SZ,2803.19134323489,2006
SZ,2657.98544901873,2005
SZ,2521.26197648362,2004
SZ,2447.82157729362,2003
SZ,2372.53399061179,2002
SZ,2291.0910767816,2001
SZ,2288.1859079469,2000
SZ,2271.79977854135,1999
SZ,2230.7681479368,1998
SZ,2202.2689236188,1997
SZ,2172.23324650355,1996
SZ,2133.69858719419,1995
SZ,2033.84108765919,1994
SZ,1985.94278077641,1993
SZ,1983.08126044872,1992
SZ,1995.61859906821,1991
SZ,2041.48164515822,1990
SZ,1756.64800104808,1989
SZ,1629.70175790553,1988
SZ,1601.28376544207,1987
SZ,1452.49839878611,1986
SZ,1346.09900331122,1985
SZ,1345.32723351628,1984
SZ,1309.21650135762,1983
SZ,1336.88546580947,1982
SZ,1366.04547510364,1981
SZ,1231.85117109818,1980
SZ,1132.37989283727,1979
SZ,1135.13787682105,1978
SZ,1157.79192192753,1977
SZ,1183.4933205344,1976
SZ,1246.40998870135,1975
SZ,1126.81525902092,1974
SZ,1096.6435151894,1973
SZ,1034.53753012706,1972
SZ,1008.60294852022,1971
SZ,910.784208429199,1970
SZ,NA,1969
SZ,NA,1968
SZ,NA,1967
SZ,NA,1966
SZ,NA,1965
SZ,NA,1964
SZ,NA,1963
SZ,NA,1962
SZ,NA,1961
SZ,NA,1960
MA,3304.7119140625,2018
MA,3242.64428710938,2017
MA,3124.42504882813,2016
MA,3146.24780273438,2015
MA,3051.458984375,2014
MA,3008.185546875,2013
MA,2927.45043945313,2012
MA,2879.53930664063,2011
MA,2767.04223632813,2010
MA,2710.66650390625,2009
MA,2648.58569335938,2008
MA,2540.615234375,2007
MA,2489.99291992188,2006
MA,2342.15478515625,2005
MA,2301.08178710938,2004
MA,2229.576171875,2003
MA,2127.50708007813,2002
MA,2078.96606445313,2001
MA,1957.14135742188,2000
MA,1935.47875976563,1999
MA,1931.74047851563,1998
MA,1828.96862792969,1997
MA,1886.67224121094,1996
MA,1705.4482421875,1995
MA,1830.88061523438,1994
MA,1680.71044921875,1993
MA,1720.42248535156,1992
MA,1786.76281738281,1991
MA,1695.63647460938,1990
MA,1669.73254394531,1989
MA,1654.0068359375,1988
MA,1507.19995117188,1987
MA,1542.61840820313,1986
MA,1442.95849609375,1985
MA,1394.10388183594,1984
MA,1343.30456542969,1983
MA,1359.98828125,1982
MA,1281.85180664063,1981
MA,1340.24670410156,1980
MA,1328.20642089844,1979
MA,1301.05102539063,1978
MA,1306.12939453125,1977
MA,1263.17102050781,1976
MA,1167.787109375,1975
MA,1112.03527832031,1974
MA,1079.19360351563,1973
MA,1068.21313476563,1972
MA,1069.3251953125,1971
MA,1039.61254882813,1970
MA,1020.01104736328,1969
MA,966.91650390625,1968
MA,904.050476074219,1967
MA,844.244873046875,1966
MA,NA,1965
MA,NA,1964
MA,NA,1963
MA,NA,1962
MA,NA,1961
MA,NA,1960
ML,892.978322787306,2018
ML,878.561348378099,2017
ML,860.75307554569,2016
ML,838.11986940103,2015
ML,816.004655542979,2014
ML,782.702450304467,2013
ML,787.149724118126,2012
ML,815.12426700512,2011
ML,809.373887616452,2010
ML,781.972286784084,2009
ML,772.091975202052,2008
ML,748.926158364864,2007
ML,745.087500057101,2006
ML,721.897987084722,2005
ML,693.861121985899,2004
ML,705.686954046396,2003
ML,667.601809829487,2002
ML,667.920530395715,2001
ML,596.578639012468,2000
ML,614.586994870732,1999
ML,597.83126160922,1998
ML,570.006386255312,1997
ML,556.246993366561,1996
ML,530.906562069966,1995
ML,537.585120448336,1994
ML,529.275647266229,1993
ML,523.808780982775,1992
ML,552.249908754393,1991
ML,504.114585263011,1990
ML,527.330783598167,1989
ML,515.693881984479,1988
ML,488.661925998262,1987
ML,497.940239327585,1986
ML,493.95193280344,1985
ML,418.953297590688,1984
ML,429.268943570944,1983
ML,430.936057932383,1982
ML,475.391545090244,1981
ML,478.415878794737,1980
ML,510.573084431833,1979
ML,471.808981698935,1978
ML,488.180133055488,1977
ML,467.610233746068,1976
ML,418.990565699694,1975
ML,382.164661103348,1974
ML,395.059183876145,1973
ML,407.902988824579,1972
ML,391.773023008224,1971
ML,388.135645474088,1970
ML,371.539853947104,1969
ML,376.455913556311,1968
ML,368.5733743347,1967
ML,NA,1966
ML,NA,1965
ML,NA,1964
ML,NA,1963
ML,NA,1962
ML,NA,1961
ML,NA,1960
MZ,621.153734194787,2018
MZ,618.397694360334,2017
MZ,620.779714954555,2016
MZ,610.563774706589,2015
MZ,585.266716133984,2014
MZ,559.393953685688,2013
MZ,540.2945177803,2012
MZ,514.869957191994,2011
MZ,494.162859074785,2010
MZ,475.788178051193,2009
MZ,460.94729485679,2008
MZ,442.049574057751,2007
MZ,420.526462764726,2006
MZ,391.699758163976,2005
MZ,377.064958084878,2004
MZ,356.521157404125,2003
MZ,340.13537022259,2002
MZ,317.185703581034,2001
MZ,287.390630344484,2000
MZ,291.560018665606,1999
MZ,266.672705397492,1998
MZ,247.184945629196,1997
MZ,227.198486695187,1996
MZ,212.086249862904,1995
MZ,220.478583291331,1994
MZ,221.624579964898,1993
MZ,206.194607588583,1992
MZ,227.4627362365,1991
MZ,221.048981086396,1990
MZ,222.043123475899,1989
MZ,210.222304910608,1988
MZ,193.956902454941,1987
MZ,169.787799695594,1986
MZ,176.854086200431,1985
MZ,178.41568638255,1984
MZ,194.645654684469,1983
MZ,235.767482817497,1982
MZ,258.850606099762,1981
MZ,251.567549222861,1980
MZ,NA,1979
MZ,NA,1978
MZ,NA,1977
MZ,NA,1976
MZ,NA,1975
MZ,NA,1974
MZ,NA,1973
MZ,NA,1972
MZ,NA,1971
MZ,NA,1970
MZ,NA,1969
MZ,NA,1968
MZ,NA,1967
MZ,NA,1966
MZ,NA,1965
MZ,NA,1964
MZ,NA,1963
MZ,NA,1962
MZ,NA,1961
MZ,NA,1960
MR,1602.90225649072,2018
MR,1576.06857825162,2017
MR,1528.05152299375,2016
MR,1554.94897871782,2015
MR,1520.64621634902,2014
MR,1502.90142381083,2013
MR,1488.97177557214,2012
MR,1472.55245572229,2011
MR,1460.19179652873,2010
MR,1469.05426880813,2009
MR,1514.2655013629,2008
MR,1563.60628765192,2007
MR,1637.04191255803,2006
MR,1418.53202144135,2005
MR,1338.66768122804,2004
MR,1308.56307582578,2003
MR,1252.10300454131,2002
MR,1262.65567288639,2001
MR,1304.64439067179,2000
MR,1396.17220086364,1999
MR,1383.19229722759,1998
MR,1381.16274883447,1997
MR,1471.80330919792,1996
MR,1418.64664553675,1995
MR,1327.72304115123,1994
MR,1416.96725698321,1993
MR,1393.6010549879,1992
MR,1421.32599916128,1991
MR,1437.75048235693,1990
MR,1501.23289513922,1989
MR,1469.21194739442,1988
MR,1486.69636323159,1987
MR,1501.59342458119,1986
MR,1461.93452033511,1985
MR,1460.98164180622,1984
MR,1553.80890668568,1983
MR,1541.58055819249,1982
MR,1624.61577944679,1981
MR,1616.06630331058,1980
MR,1608.41044480032,1979
MR,1579.02167613992,1978
MR,1632.68713881863,1977
MR,1712.5637423748,1976
MR,1624.67349556081,1975
MR,1763.89532128038,1974
MR,1620.10877497697,1973
MR,1749.52293380609,1972
MR,1816.31114754056,1971
MR,1838.41001374306,1970
MR,1692.50794532791,1969
MR,1723.35775339553,1968
MR,1612.02915046702,1967
MR,1603.93873851294,1966
MR,1648.15508784285,1965
MR,1460.64612168482,1964
MR,1176.5820670702701,1963
MR,1233.87062562594,1962
MR,1258.29089340116,1961
MR,NA,1960
MU,10652.4836886859,2018
MU,10247.6960577758,2017
MU,9868.32716641952,2016
MU,9507.87133656424,2015
MU,9181.61575362564,2014
MU,8859.2121832294,2013
MU,8591.96715947096,2012
MU,8324.78328337964,2011
MU,8011.45517219702,2010
MU,7693.76434353874,2009
MU,7466.69465771689,2008
MU,7110.69493851624,2007
MU,6756.22955969517,2006
MU,6472.87388554741,2005
MU,6397.59346169031,2004
MU,6170.64876733851,2003
MU,5867.77362995049,2002
MU,5814.74834570012,2001
MU,5671.0295504201,2000
MU,5292.86908859768,1999
MU,5224.18419650851,1998
MU,4977.19016757315,1997
MU,4768.68343568327,1996
MU,4562.74692775784,1995
MU,4412.9375663223,1994
MU,4297.40909221881,1993
MU,4138.34644932114,1992
MU,3936.7665085183,1991
MU,3810.48083308592,1990
MU,3580.40595041278,1989
MU,3453.72035086545,1988
MU,3256.42283644153,1987
MU,3012.98937220279,1986
MU,2766.59028710418,1985
MU,2607.92722114442,1984
MU,2517.08019899772,1983
MU,2530.62333903007,1982
MU,2428.26469051049,1981
MU,2327.60106821025,1980
MU,2631.98857661525,1979
MU,2587.21700200208,1978
MU,2524.53954704999,1977
MU,2408.27222344591,1976
MU,1977.68946286021,1975
MU,1991.0872181898,1974
MU,1857.82264890447,1973
MU,1683.89831532905,1972
MU,1577.92783830209,1971
MU,1537.49557916791,1970
MU,1569.53936870339,1969
MU,1521.96698841001,1968
MU,1664.81054193166,1967
MU,1626.22153693464,1966
MU,1721.80988793115,1965
MU,1706.12407651545,1964
MU,1877.02290336016,1963
MU,1691.59787796504,1962
MU,1726.35874439498,1961
MU,1406.14770605173,1960
MW,553.528790902088,2018
MW,544.795729220349,2017
MW,538.221990810959,2016
MW,539.605363240686,2015
MW,539.562601918057,2014
MW,525.357645516557,2013
MW,512.74031797451,2012
MW,517.833736624232,2011
MW,508.088650552846,2010
MW,489.631418790158,2009
MW,465.55147298007,2008
MW,445.254305419586,2007
MW,417.877689776503,2006
MW,410.267979592536,2005
MW,408.064916052765,2004
MW,397.224846758815,2003
MW,385.308980237095,2002
MW,388.260039763569,2001
MW,418.592985038462,2000
MW,422.099909963762,1999
MW,419.313245170577,1998
MW,412.4131068375,1997
MW,405.397063690478,1996
MW,385.279714072363,1995
MW,329.584099900642,1994
MW,362.930995399017,1993
MW,335.726543539643,1992
MW,372.997561772469,1991
MW,353.771303717595,1990
MW,348.201112852441,1989
MW,360.182864554351,1988
MW,368.458072161033,1987
MW,380.298046902206,1986
MW,395.418720697156,1985
MW,392.970121764045,1984
MW,387.845329799767,1983
MW,388.989575970974,1982
MW,394.77170082524,1981
MW,433.515183153301,1980
MW,448.71641753731,1979
MW,445.993639511543,1978
MW,420.514723667702,1977
MW,413.438148179235,1976
MW,405.377974102106,1975
MW,392.972432824442,1974
MW,376.728815500011,1973
MW,378.037141418137,1972
MW,365.077375924135,1971
MW,322.094520458592,1970
MW,328.552929300512,1969
MW,318.047172486263,1968
MW,332.425655375486,1967
MW,317.619584182681,1966
MW,287.429237122103,1965
MW,259.238122939762,1964
MW,258.785106001313,1963
MW,268.930590447321,1962
MW,273.671621408503,1961
MW,260.372803776879,1960
NA,4400.47537705743,2018
NA,4476.73324402105,2017
NA,4648.62713460213,2016
NA,4774.10650865775,2015
NA,4701.95694189098,2014
NA,4549.26759093897,2013
NA,4420.96741373862,2012
NA,4302.72451368462,2011
NA,4165.12990200988,2010
NA,3989.20711387651,2009
NA,4036.38187484707,2008
NA,3987.61796106565,2007
NA,3834.99894666178,2006
NA,3627.75059772278,2005
NA,3582.89503259701,2004
NA,3232.30589658857,2003
NA,3145.94566281247,2002
NA,3055.40444831936,2001
NA,3083.59657884697,2000
NA,3050.46098873323,1999
NA,3025.32668011049,1998
NA,3004.30804359997,1997
NA,2958.24060697383,1996
NA,2945.36226956201,1995
NA,2918.37740296161,1994
NA,2959.27503800966,1993
NA,3104.24536078011,1992
NA,2989.40001637296,1991
NA,2857.33777498196,1990
NA,2974.56787424784,1989
NA,3111.60654486305,1988
NA,3196.99658679727,1987
NA,3187.74903180322,1986
NA,3137.53895430851,1985
NA,3213.57377389991,1984
NA,3309.62139241894,1983
NA,3461.85974021427,1982
NA,3538.05908413962,1981
NA,3543.52830787347,1980
NA,NA,1979
NA,NA,1978
NA,NA,1977
NA,NA,1976
NA,NA,1975
NA,NA,1974
NA,NA,1973
NA,NA,1972
NA,NA,1971
NA,NA,1970
NA,NA,1969
NA,NA,1968
NA,NA,1967
NA,NA,1966
NA,NA,1965
NA,NA,1964
NA,NA,1963
NA,NA,1962
NA,NA,1961
NA,NA,1960
NE,519.546993483886,2018
NE,501.615305462902,2017
NE,495.017437216008,2016
NE,485.662574175279,2015
NE,482.74524741946,2014
NE,469.690214200878,2013
NE,463.066265496402,2012
NE,434.986264873953,2011
NE,441.079166112039,2010
NE,421.650901333136,2009
NE,429.195542798877,2008
NE,413.419126261066,2007
NE,415.852022114801,2006
NE,407.190931059924,2005
NE,393.398781453199,2004
NE,406.333757497876,2003
NE,412.123793192578,2002
NE,406.923493665264,2001
NE,392.898616941042,2000
NE,411.735699209485,1999
NE,427.086030331896,1998
NE,401.724988110363,1997
NE,409.039358698404,1996
NE,422.523153898523,1995
NE,426.267506763664,1994
NE,432.184449587188,1993
NE,444.632775312455,1992
NE,449.719266854731,1991
NE,465.923889536505,1990
NE,486.865683851794,1989
NE,497.164557867416,1988
NE,479.510568113117,1987
NE,493.804077148173,1986
NE,478.48763243638,1985
NE,457.605845032569,1984
NE,566.647875215942,1983
NE,607.151503137229,1982
NE,612.157290468376,1981
NE,631.839702011287,1980
NE,667.364414151822,1979
NE,641.441821701708,1978
NE,581.701168587623,1977
NE,555.074291271365,1976
NE,566.675700752682,1975
NE,598.962615904251,1974
NE,565.626253176058,1973
NE,700.360678791067,1972
NE,758.401953641467,1971
NE,737.08160287518206,1970
NE,734.9092210604,1969
NE,799.123593259994,1968
NE,818.380472772694,1967
NE,840.539531726947,1966
NE,867.904426539843,1965
NE,835.221509892938,1964
NE,858.546951094184,1963
NE,807.672762509411,1962
NE,753.981029403906,1961
NE,742.408910760982,1960
NG,2431.77857832567,2018
NG,2441.71236404487,2017
NG,2481.81490350326,2016
NG,2585.73360671797,2015
NG,2583.6155695814,2014
NG,2495.34106573748,2013
NG,2403.65387896923,2012
NG,2370.97657091803,2011
NG,2315.46676509662,2010
NG,2204.6072560373,2009
NG,2098.28339220667,2008
NG,2020.83316299454,2007
NG,1949.15856804565,2006
NG,1889.25175325817,2005
NG,1824.80269456773,2004
NG,1717.2145111176,2003
NG,1644.39518877632,2002
NG,1465.45720342309,2001
NG,1421.67987952013,2000
NG,1390.46921139078,1999
NG,1419.31770917955,1998
NG,1420.23877961207,1997
NG,1416.10189471212,1996
NG,1395.07488456856,1995
NG,1433.3886109229,1994
NG,1498.95895037787,1993
NG,1571.1902261783,1992
NG,1541.59066261036,1991
NG,1577.1961662774,1990
NG,1449.68017647113,1989
NG,1461.19132231299,1988
NG,1398.24883298999,1987
NG,1391.47877234541,1986
NG,1428.92742820366,1985
NG,1387.92176005588,1984
NG,1440.0174778262,1983
NG,1659.09814351168,1982
NG,1834.28760820914,1981
NG,2177.41578655323,1980
NG,2155.789653002,1979
NG,2082.55279909897,1978
NG,2278.69721767638,1977
NG,2214.32261606968,1976
NG,2089.85507779178,1975
NG,2267.04408449493,1974
NG,2093.63873175684,1973
NG,2036.69397821361,1972
NG,2018.173214646,1971
NG,1808.39459103972,1970
NG,1480.04711892566,1969
NG,1218.43317476044,1968
NG,1260.72712413534,1967
NG,1528.59450365696,1966
NG,1631.55987468263,1965
NG,1589.68156021192,1964
NG,1547.48395499883,1963
NG,1455.81737398163,1962
NG,1428.11709253028,1961
NG,1454.98091927783,1960
RW,817.578437867905,2018
RW,771.069238049151,2017
RW,759.606288682716,2016
RW,733.998630392314,2015
RW,690.61039542404,2014
RW,666.408789246049,2013
RW,651.852819118597,2012
RW,614.539650549868,2011
RW,583.371416824681,2010
RW,557.397805246373,2009
RW,538.325372439502,2008
RW,497.17162247587,2007
RW,474.364599792791,2006
RW,446.029809946207,2005
RW,418.780997568334,2004
RW,400.191620926691,2003
RW,400.270421542931,2002
RW,358.446058940421,2001
RW,333.355090374626,2000
RW,310.098130415931,1999
RW,299.60113990408,1998
RW,286.805194657672,1997
RW,291.210840684797,1996
RW,305.38782467458,1995
RW,188.65827860434,1994
RW,322.716818934721,1993
RW,364.809207173189,1992
RW,351.728543069516,1991
RW,368.219602681015,1990
RW,387.279968470326,1989
RW,399.466315450522,1988
RW,394.64824201215,1987
RW,407.894134140542,1986
RW,399.872395824799,1985
RW,396.15353784625,1984
RW,427.870791259589,1983
RW,417.422791903485,1982
RW,423.670748912464,1981
RW,414.885272342933,1980
RW,392.811021970489,1979
RW,361.897103653233,1978
RW,341.522818232493,1977
RW,344.884463971359,1976
RW,297.252682011397,1975
RW,312.732594761791,1974
RW,317.553390370859,1973
RW,316.070397043816,1972
RW,324.489941639818,1971
RW,330.236201525271,1970
RW,321.172800820756,1969
RW,298.387226887968,1968
RW,287.621605129581,1967
RW,277.262742571214,1966
RW,266.551579626314,1965
RW,255.692581872789,1964
RW,298.910296372133,1963
RW,339.04184815098,1962
RW,312.295048892812,1961
RW,335.440569188114,1960
SD,1185.94445800781,2018
SD,1261.87353515625,2017
SD,1297.15454101563,2016
SD,1292.37963867188,2015
SD,1307.3896484375,2014
SD,1283.45922851563,2013
SD,1288.25854492188,2012
SD,1388.21813964844,2011
SD,1311.22314453125,2010
SD,1301.34729003906,2009
SD,1381.62561035156,2008
SD,1372.10961914063,2007
SD,1336.1240234375,2006
SD,1290.24438476563,2005
SD,1255.67114257813,2004
SD,1226.42077636719,2003
SD,1185.21533203125,2002
SD,1150.17626953125,2001
SD,1111.11865234375,2000
SD,1074.88098144531,1999
SD,1069.27197265625,1998
SD,1050.31994628906,1997
SD,908.66015625,1996
SD,877.693298339844,1995
SD,850.299438476563,1994
SD,862.978149414063,1993
SD,842.008605957031,1992
SD,805.367309570313,1991
SD,764.450439453125,1990
SD,823.076843261719,1989
SD,764.454162597656,1988
SD,776.530822753906,1987
SD,692.196655273438,1986
SD,669.103332519531,1985
SD,726.964111328125,1984
SD,782.225158691406,1983
SD,790.597045898438,1982
SD,773.544799804688,1981
SD,747.91943359375,1980
SD,765.673095703125,1979
SD,837.251831054688,1978
SD,923.200622558594,1977
SD,898.202575683594,1976
SD,795.953491210938,1975
SD,711.013854980469,1974
SD,661.991394042969,1973
SD,682.653015136719,1972
SD,742.029479980469,1971
SD,748.2431640625,1970
SD,727.628051757813,1969
SD,739.073913574219,1968
SD,746.402099609375,1967
SD,757.518859863281,1966
SD,808.854431152344,1965
SD,780.661743164063,1964
SD,813.293090820313,1963
SD,861.476318359375,1962
SD,828.766967773438,1961
SD,851.732421875,1960
SN,1355.09610863712,2018
SN,1312.10932776049,2017
SN,1257.40906915928,2016
SN,1218.00613555438,2015
SN,1180.7987108505,2014
SN,1147.3859217191,2013
SN,1154.05677992367,2012
SN,1139.74447892639,2011
SN,1153.53431121583,2010
SN,1142.65317233964,2009
SN,1138.66883930214,2008
SN,1123.99862153285,2007
SN,1118.7830430051,2006
SN,1119.0505307548,2005
SN,1098.20064546027,2004
SN,1074.38578467686,2003
SN,1042.25509944289,2002
SN,1067.36886550595,2001
SN,1048.37474052363,2000
SN,1033.76396461633,1999
SN,995.979085689636,1998
SN,962.736689457399,1997
SN,956.588791201654,1996
SN,960.84709282163,1995
SN,934.692068072302,1994
SN,960.506561720788,1993
SN,974.054860027128,1992
SN,988.63221583773,1991
SN,990.777522619822,1990
SN,1027.27575950199,1989
SN,1016.8279275159,1988
SN,1055.32454152497,1987
SN,1022.55326037551,1986
SN,1020.46425733551,1985
SN,1014.21873121746,1984
SN,1002.79157255651,1983
SN,1091.73478914466,1982
SN,1037.70140590886,1981
SN,1012.16661480231,1980
SN,997.714580570366,1979
SN,955.002175635959,1978
SN,1017.81439448073,1977
SN,1071.68040327701,1976
SN,1010.12268801923,1975
SN,965.741329994361,1974
SN,954.176200047314,1973
SN,1041.19576478941,1972
SN,1008.44746972351,1971
SN,1040.51139206618,1970
SN,987.490527976809,1969
SN,1088.7452650791,1968
SN,1055.3388045333,1967
SN,1100.59486152036,1966
SN,1101.64022957194,1965
SN,1118.91076488152,1964
SN,1108.08162394471,1963
SN,1118.94105784212,1962
SN,1152.52290412241,1961
SN,1151.00213857223,1960
SL,1015.6678297205,2018
SL,1010.54694071207,2017
SL,1002.77862282013,2016
SL,964.575980888989,2015
SL,1032.23789355905,2014
SL,1146.81973456475,2013
SL,1025.04366004502,2012
SL,950.760763054593,2011
SL,902.769891411394,2010
SL,872.23959352481,2009
SL,882.54147817868,2008
SL,872.68836234614,2007
SL,859.824260714965,2006
SL,842.906031896422,2005
SL,829.759769213077,2004
SL,806.066488798349,2003
SL,766.788692402944,2002
SL,642.036644925852,2001
SL,727.240913361187,2000
SL,698.548065299734,1999
SL,716.346034494679,1998
SL,710.743788001185,1997
SL,764.924516910528,1996
SL,755.343468884393,1995
SL,822.218308559005,1994
SL,841.770438677327,1993
SL,828.51603528816,1992
SL,1003.77238254224,1991
SL,992.259351903398,1990
SL,998.840220254123,1989
SL,1016.68318068952,1988
SL,1124.08995764348,1987
SL,1076.77818848429,1986
SL,1089.92411667933,1985
SL,1176.83294082111,1984
SL,1155.5985621559,1983
SL,1205.86429259504,1982
SL,1174.70023539592,1981
SL,1165.12783269719,1980
SL,1133.68037540161,1979
SL,1106.11941393464,1978
SL,1101.18995150596,1977
SL,1121.22071390809,1976
SL,1146.78716522182,1975
SL,1148.89179729739,1974
SL,1130.75817630364,1973
SL,1126.45855224582,1972
SL,1137.08055497495,1971
SL,1119.62920786369,1970
SL,1050.49379146851,1969
SL,986.44073219059,1968
SL,985.455777250999,1967
SL,1003.80265359623,1966
SL,1005.40380599095,1965
SL,955.181698510419,1964
SL,911.161475061012,1963
SL,911.239720141178,1962
SL,886.038579044035,1961
SL,884.057109677123,1960
SO,498.981065013872,2018
SO,506.50109887946,2017
SO,458.921476824606,2016
SO,445.583080073396,2015
SO,417.516796906395,2014
SO,397.108796344858,2013
SO,369.617204753385,2012
SO,349.57744907769103,2011
SO,329.970504936986,2010
SO,317.038184814601,2009
SO,304.741448811017,2008
SO,294.210404466723,2007
SO,284.470789865218,2006
SO,275.457040797985,2005
SO,266.257271856728,2004
SO,257.910337235939,2003
SO,248.63645400073,2002
SO,239.839074088085,2001
SO,233.032393086367,2000
SO,226.444111028756,1999
SO,219.712160749181,1998
SO,214.852351289127,1997
SO,219.93638187358,1996
SO,211.087530841726,1995
SO,210.446194601656,1994
SO,269.40620462247,1993
SO,266.498410042764,1992
SO,277.598802350589,1991
SO,259.400021870078,1990
SO,252.360849486709,1989
SO,239.054073867161,1988
SO,231.385120661851,1987
SO,217.822044975268,1986
SO,231.96066199892,1985
SO,220.505292974976,1984
SO,221.453992833647,1983
SO,258.564156472592,1982
SO,252.485050366421,1981
SO,239.47024347351,1980
SO,256.278933202745,1979
SO,305.259525649075,1978
SO,309.814719435228,1977
SO,279.998608750808,1976
SO,292.525184353143,1975
SO,261.538388550601,1974
SO,266.402554956813,1973
SO,311.4164264245,1972
SO,278.264327679531,1971
SO,279.670909034064,1970
SO,274.575438546072,1969
SO,286.759457432346,1968
SO,288.543367817636,1967
SO,279.600767518561,1966
SO,263.102792359549,1965
SO,287.182893086447,1964
SO,313.980360234407,1963
SO,313.492610868767,1962
SO,300.513429927182,1961
SO,318.824826584247,1960
SS,NA,2018
SS,NA,2017
SS,NA,2016
SS,1080.14718624765,2015
SS,1197.09491969479,2014
SS,1165.16202707495,2013
SS,1069.19619080938,2012
SS,2073.23981819145,2011
SS,2295.07026096006,2010
SS,2293.80166888543,2009
SS,2289.18415375563,2008
SS,NA,2007
SS,NA,2006
SS,NA,2005
SS,NA,2004
SS,NA,2003
SS,NA,2002
SS,NA,2001
SS,NA,2000
SS,NA,1999
SS,NA,1998
SS,NA,1997
SS,NA,1996
SS,NA,1995
SS,NA,1994
SS,NA,1993
SS,NA,1992
SS,NA,1991
SS,NA,1990
SS,NA,1989
SS,NA,1988
SS,NA,1987
SS,NA,1986
SS,NA,1985
SS,NA,1984
SS,NA,1983
SS,NA,1982
SS,NA,1981
SS,NA,1980
SS,NA,1979
SS,NA,1978
SS,NA,1977
SS,NA,1976
SS,NA,1975
SS,NA,1974
SS,NA,1973
SS,NA,1972
SS,NA,1971
SS,NA,1970
SS,NA,1969
SS,NA,1968
SS,NA,1967
SS,NA,1966
SS,NA,1965
SS,NA,1964
SS,NA,1963
SS,NA,1962
SS,NA,1961
SS,NA,1960
ST,1413.84348618541,2018
ST,1375.59403284199,2017
ST,1342.533807689,2016
ST,1298.10946596396,2015
ST,1301.32146445028,2014
ST,1263.70423995281,2013
ST,1225.6945255615,2012
ST,1214.96130276731,2011
ST,1216.3502521663,2010
ST,1225.60541902997,2009
ST,1214.14114724792,2008
ST,1170.51612474435,2007
ST,1157.0861446542,2006
ST,1089.14778798762,2005
ST,1047.05796134884,2004
ST,1036.86196260207,2003
ST,982.32906557627,2002
ST,973.424252100436,2001
ST,959.938180991352,2000
ST,966.2268289095,1999
ST,953.9855008639,1998
ST,942.971185295678,1997
ST,947.030151309961,1996
ST,947.331538535199,1995
ST,943.891404294867,1994
ST,939.606669438019,1993
ST,946.482495103288,1992
ST,957.946483063679,1991
ST,967.490807502814,1990
ST,1013.50760361265,1989
ST,1008.24359402711,1988
ST,1014.69125831664,1987
ST,1071.36164381493,1986
ST,1163.80724250137,1985
ST,1087.44153359985,1984
ST,1179.55626040759,1983
ST,1249.50268222753,1982
ST,1234.82085380117,1981
ST,1405.76061531863,1980
ST,1454.96872023117,1979
ST,1283.3570836238,1978
ST,1281.27707655704,1977
ST,1065.93941593131,1976
ST,1075.52552217484,1975
ST,1045.17670623037,1974
ST,1011.34975679533,1973
ST,1017.08121320436,1972
ST,1015.74666793194,1971
ST,985.09180236877,1970
ST,NA,1969
ST,NA,1968
ST,NA,1967
ST,NA,1966
ST,NA,1965
ST,NA,1964
ST,NA,1963
ST,NA,1962
ST,NA,1961
ST,NA,1960
SC,18628.1862276696,2018
SC,17921.5731976918,2017
SC,16962.6753972731,2016
SC,15333.1051727105,2015
SC,14395.6158118771,2014
SC,14050.3135581314,2013
SC,14135.0010570653,2012
SC,13843.7116081878,2011
SC,12313.5566919249,2010
SC,12116.3783687977,2009
SC,12473.2921769121,2008
SC,13112.8210098816,2007
SC,12105.4475265558,2006
SC,11297.3118190493,2005
SC,10412.0868936027,2004
SC,10677.9692081272,2003
SC,11218.2606464315,2002
SC,11427.9413083015,2001
SC,11703.7535246117,2000
SC,11326.9386083063,1999
SC,11339.3481297046,1998
SC,11284.8459766598,1997
SC,10177.0904671696,1996
SC,9388.81967720743,1995
SC,9481.8805265777,1994
SC,9981.2446035158,1993
SC,9497.7554107084,1992
SC,8902.83798776266,1991
SC,8779.85231337378,1990
SC,8210.90696953337,1989
SC,7489.74029923645,1988
SC,7137.55603586632,1987
SC,7100.93735358387,1986
SC,7091.31069778707,1985
SC,6481.83312252185,1984
SC,6251.16837292603,1983
SC,6282.31243363473,1982
SC,6453.04441345632,1981
SC,6795.44213443153,1980
SC,7226.36841156741,1979
SC,6294.51380248905,1978
SC,5226.17270451846,1977
SC,5689.07506488881,1976
SC,4992.67635279626,1975
SC,4952.09433656679,1974
SC,4978.1966610497,1973
SC,4635.19530046487,1972
SC,4466.48702153242,1971
SC,3934.10745937442,1970
SC,3698.74352837889,1969
SC,3787.78708615717,1968
SC,3608.07514941437,1967
SC,3679.30050746873,1966
SC,3311.93105019453,1965
SC,3432.56045494626,1964
SC,3322.94260496593,1963
SC,3094.82323303369,1962
SC,2931.52295872465,1961
SC,3169.8719362006,1960
TG,791.59353236921,2018
TG,774.276909071917,2017
TG,763.276549113054,2016
TG,751.052405084336,2015
TG,730.291525419946,2014
TG,709.092304171157,2013
TG,687.495795744285,2012
TG,663.963778088896,2011
TG,644.563730311597,2010
TG,625.711836727455,2009
TG,610.405655722251,2008
TG,603.837896358253,2007
TG,629.079855938738,2006
TG,630.248628319525,2005
TG,678.287546160331,2004
TG,702.799200216835,2003
TG,675.440744386282,2002
TG,667.298281784325,2001
TG,679.533367700848,2000
TG,704.043789285316,1999
TG,706.68952385752,1998
TG,744.126581926862,1997
TG,671.504221462105,1996
TG,640.349863205312,1995
TG,620.182575480635,1994
TG,541.357021911529,1993
TG,633.668979961274,1992
TG,678.869787556389,1991
TG,703.623896219833,1990
TG,726.293484428614,1989
TG,719.001777895741,1988
TG,694.906734484293,1987
TG,712.728451572789,1986
TG,723.385264185823,1985
TG,707.57203386595,1984
TG,693.197430248275,1983
TG,758.250855831716,1982
TG,813.046118165912,1981
TG,867.453987999739,1980
TG,778.697805985064,1979
TG,842.402349661254,1978
TG,777.212650636677,1977
TG,744.302164516937,1976
TG,778.537116054192,1975
TG,779.009571600141,1974
TG,762.218127277909,1973
TG,753.67150790579,1972
TG,720.521016300951,1971
TG,744.017512363706,1970
TG,752.502896802327,1969
TG,706.573764739944,1968
TG,701.203612884496,1967
TG,691.451959641266,1966
TG,654.061732972202,1965
TG,582.294454390453,1964
TG,520.58164440682,1963
TG,504.980902456275,1962
TG,495.260470360098,1961
TG,449.342571123456,1960
TZ,1024.01525878906,2018
TZ,1001.88745117188,2017
TZ,970.156127929688,2016
TZ,939.127319335938,2015
TZ,913.811218261719,2014
TZ,882.8115234375,2013
TZ,851.910705566406,2012
TZ,838.999267578125,2011
TZ,801.29931640625,2010
TZ,772.929565429688,2009
TZ,752.540466308594,2008
TZ,731.52001953125,2007
TZ,704.502746582031,2006
TZ,680.051208496094,2005
TZ,650.516540527344,2004
TZ,621.720703125,2003
TZ,598.421569824219,2002
TZ,573.400146484375,2001
TZ,555.348083496094,2000
TZ,546.605529785156,1999
TZ,535.363159179688,1998
TZ,529.954223632813,1997
TZ,522.333251953125,1996
TZ,508.840423583984,1995
TZ,506.972503662109,1994
TZ,518.66259765625,1993
TZ,528.781555175781,1992
TZ,538.966979980469,1991
TZ,541.544799804688,1990
TZ,519.22265625,1989
TZ,513.868591308594,1988
TZ,493.825897216797,1987
TZ,486.831359863281,1986
TZ,476.979888916016,1985
TZ,486.725524902344,1984
TZ,480.399017333984,1983
TZ,498.374603271484,1982
TZ,515.711853027344,1981
TZ,536.933166503906,1980
TZ,539.403015136719,1979
TZ,544.240051269531,1978
TZ,552.289428710938,1977
TZ,572.357055664063,1976
TZ,574.565002441406,1975
TZ,572.999633789063,1974
TZ,581.759033203125,1973
TZ,567.920104980469,1972
TZ,549.467468261719,1971
TZ,547.600341796875,1970
TZ,1058.02795410156,1969
TZ,1059.94592285156,1968
TZ,1030.11999511719,1967
TZ,1006.95916748047,1966
TZ,929.989868164063,1965
TZ,918.554931640625,1964
TZ,897.041076660156,1963
TZ,869.289978027344,1962
TZ,820.259765625,1961
TZ,834.492431640625,1960
ZA,6117.2701406047,2018
ZA,6125.6920507497,2017
ZA,6095.295060428,2016
ZA,6112.27382485974,2015
ZA,6155.00589462516,2014
ZA,6170.87670863373,2013
ZA,6121.55783860713,2012
ZA,6067.12482726885,2011
ZA,5953.94506512821,2010
ZA,5847.05811084505,2009
ZA,6009.71963138635,2008
ZA,5891.42069421698,2007
ZA,5650.9883176549,2006
ZA,5406.07581377638,2005
ZA,5187.35683424034,2004
ZA,5011.62223150169,2003
ZA,4916.81498068625,2002
ZA,4786.482450463,2001
ZA,4700.87555500704,2000
ZA,4552.85007973031,1999
ZA,4494.85711232358,1998
ZA,4527.04992403877,1997
ZA,4465.50649854807,1996
ZA,4337.29729686998,1995
ZA,4258.26184733408,1994
ZA,4193.59826135345,1993
ZA,4225.814328485,1992
ZA,4396.36069450543,1991
ZA,4544.23023212165,1990
ZA,4687.291051902,1989
ZA,4714.22284174624,1988
ZA,4664.13011613961,1987
ZA,4712.81869464239,1986
ZA,4865.05694085787,1985
ZA,5091.71936365917,1984
ZA,5015.37142372166,1983
ZA,5291.38261097586,1982
ZA,5498.59203384975,1981
ZA,5399.54067871187,1980
ZA,5220.72505658187,1979
ZA,5168.06930314104,1978
ZA,5155.68575875517,1977
ZA,5301.98639575895,1976
ZA,5327.51843473453,1975
ZA,5385.83133677931,1974
ZA,5220.82176643606,1973
ZA,5137.37692437712,1972
ZA,5200.7432180827,1971
ZA,5135.5615026895,1970
ZA,5029.64691362757,1969
ZA,4953.80064833126,1968
ZA,4906.85685086378,1967
ZA,4722.49942007925,1966
ZA,4664.09699107786,1965
ZA,4532.23430548773,1964
ZA,4329.07391977209,1963
ZA,4155.85711467972,1962
ZA,4032.2227245037,1961
ZA,3993.43679652042,1960
TN,4128.10393763368,2018
TN,4062.22677519573,2017
TN,4015.29664102169,2016
TN,4014.94773686432,2015
TN,4021.60476871861,2014
TN,3947.59276091668,2013
TN,3900.05126518371,2012
TN,3784.74620448381,2011
TN,3906.91133143991,2010
TN,3835.25509911786,2009
TN,3760.12316696001,2008
TN,3642.12450341045,2007
TN,3444.55582504699,2006
TN,3301.94245942789,2005
TN,3218.72738670507,2004
TN,3058.23292911168,2003
TN,2950.20794016332,2002
TN,2941.74275551058,2001
TN,2864.55075602101,2000
TN,2766.57366349293,1999
TN,2639.87840884849,1998
TN,2551.55386456589,1997
TN,2452.91248308547,1996
TN,2322.59508752734,1995
TN,2305.16426828743,1994
TN,2274.64477979221,1993
TN,2270.86744293948,1992
TN,2151.21130992292,1991
TN,2114.47309080904,1990
TN,2000.28930212012,1989
TN,2009.64036881522,1988
TN,2055.74166466697,1987
TN,1974.71524315474,1986
TN,2055.19411663607,1985
TN,1996.46587010646,1984
TN,1932.42642326986,1983
TN,1884.78471774582,1982
TN,1936.27745370962,1981
TN,1877.33704672611,1980
TN,1788.22383921429,1979
TN,1717.12278120807,1978
TN,1653.43901793638,1977
TN,1641.27430527916,1976
TN,1562.53068820471,1975
TN,1497.83527716021,1974
TN,1422.82584451781,1973
TN,1469.53829675624,1972
TN,1280.09146794825,1971
TN,1187.21474553589,1970
TN,1162.96415201392,1969
TN,1138.64491078789,1968
TN,1057.05200824443,1967
TN,1079.99692830946,1966
TN,1064.734577967,1965
TN,1109.84740732615,1964
TN,1180.78841140727,1963
TN,1340.3332507983,1962
TN,1422.01911791993,1961
TN,NA,1960
UG,895.07512785438,2018
UG,871.093880017151,2017
UG,874.648370639216,2016
UG,862.934610355811,2015
UG,845.978664791099,2014
UG,828.988669729986,2013
UG,823.580468285493,2012
UG,816.516366587228,2011
UG,768.624091660131,2010
UG,749.342865535423,2009
UG,722.565167003452,2008
UG,684.542241787248,2007
UG,650.270540867444,2006
UG,604.404813057618,2005
UG,585.339489080616,2004
UG,564.720539196569,2003
UG,547.405338919875,2002
UG,519.456547890884,2001
UG,509.19755319016,2000
UG,509.455395054388,1999
UG,487.008977266219,1998
UG,478.250663988847,1997
UG,468.427898950193,1996
UG,441.226201168263,1995
UG,406.592301920177,1994
UG,395.163949168597,1993
UG,377.609612721367,1992
UG,377.780503685951,1991
UG,369.839286985576,1990
UG,358.769886121704,1989
UG,348.37383295348,1988
UG,332.185941474188,1987
UG,329.57852173859,1986
UG,337.997945432752,1985
UG,359.510382451245,1984
UG,370.539961015941,1983
UG,359.206285547545,1982
UG,NA,1981
UG,NA,1980
UG,NA,1979
UG,NA,1978
UG,NA,1977
UG,NA,1976
UG,NA,1975
UG,NA,1974
UG,NA,1973
UG,NA,1972
UG,NA,1971
UG,NA,1970
UG,NA,1969
UG,NA,1968
UG,NA,1967
UG,NA,1966
UG,NA,1965
UG,NA,1964
UG,NA,1963
UG,NA,1962
UG,NA,1961
UG,NA,1960
ZM,1321.25045711573,2018
ZM,1308.76829240086,2017
ZM,1303.57513869133,2016
ZM,1295.87788680068,2015
ZM,1299.01241762504,2014
ZM,1280.77012176778,2013
ZM,1258.78938578996,2012
ZM,1208.46424569634,2011
ZM,1183.41712409199,2010
ZM,1110.71918102486,2009
ZM,1053.58612301068,2008
ZM,1013.08567432637,2007
ZM,968.563565019492,2006
ZM,929.079255855905,2005
ZM,895.475258534826,2004
ZM,863.650190656785,2003
ZM,833.021177549004,2002
ZM,822.020935308251,2001
ZM,804.48463418783,2000
ZM,796.377985981253,1999
ZM,781.663383813883,1998
ZM,805.53240180321,1997
ZM,796.018059633101,1996
ZM,768.035201563368,1995
ZM,764.639411345433,1994
ZM,857.039669609389,1993
ZM,821.850104215064,1992
ZM,856.761723583768,1991
ZM,878.589205998477,1990
ZM,905.747380200891,1989
ZM,939.599679398111,1988
ZM,908.680042753164,1987
ZM,910.944542362099,1986
ZM,931.808263595704,1985
ZM,944.930593972368,1984
ZM,977.759709968015,1983
ZM,1030.04718157436,1982
ZM,1094.46195855082,1981
ZM,1062.93600223771,1980
ZM,1062.9629308153,1979
ZM,1129.47163480066,1978
ZM,1157.75814389903,1977
ZM,1250.5415032312,1976
ZM,1213.57721788882,1975
ZM,1279.53707253685,1974
ZM,1238.05913338778,1973
ZM,1286.57716971439,1972
ZM,1211.70972726075,1971
ZM,1246.65383007205,1970
ZM,1224.90387889791,1969
ZM,1270.07901687655,1968
ZM,1295.60864749847,1967
ZM,1239.68921603925,1966
ZM,1355.45680953779,1965
ZM,1199.39219025665,1964
ZM,1103.10813202806,1963
ZM,1102.4458219947,1962
ZM,1166.74596436267,1961
ZM,1187.70460116133,1960
ZW,1471.39488971183,2018
ZW,1422.1934603003,2017
ZW,1377.63927701563,2016
ZW,1386.41855927575,2015
ZW,1380.54927116793,2014
ZW,1367.1204010724,2013
ZW,1359.45829603738,2012
ZW,1184.32960982582,2011
ZW,1055.6699255673,2010
ZW,896.457890978913,2009
ZW,802.635029439794,2008
ZW,986.695816261281,2007
ZW,1037.69395049102,2006
ZW,1088.07699515855,2005
ZW,1164.95029123714,2004
ZW,1250.28175915781,2003
ZW,1524.30189058784,2002
ZW,1689.28524565736,2001
ZW,1676.49245294438,2000
ZW,1745.33624759737,1999
ZW,1788.43763430363,1998
ZW,1772.60270909087,1997
ZW,1759.04327298188,1996
ZW,1620.59240010324,1995
ZW,1633.13243349594,1994
ZW,1496.83096041144,1993
ZW,1503.0663801639,1992
ZW,1699.29989360219,1991
ZW,1652.7214986709,1990
ZW,1587.4339028102,1989
ZW,1553.3285486173,1988
ZW,1490.67790037304,1987
ZW,1523.27747414226,1986
ZW,1542.75844365131,1985
ZW,1493.34938760528,1984
ZW,1577.48248236115,1983
ZW,1612.99726978253,1982
ZW,1634.02375365361,1981
ZW,1546.4535704445,1980
ZW,1431.60555516436,1979
ZW,1407.93445614782,1978
ZW,1468.21185312801,1977
ZW,1617.08151546054,1976
ZW,1659.33569015242,1975
ZW,1746.51845369054,1974
ZW,1691.80928574798,1973
ZW,1701.80343821878,1972
ZW,1619.97290577833,1971
ZW,1532.61892442874,1970
ZW,1289.44721668487,1969
ZW,1183.82487915559,1968
ZW,1198.14879276385,1967
ZW,1140.9844948144,1966
ZW,1159.85150419599,1965
ZW,1140.99531303078,1964
ZW,1190.72798081732,1963
ZW,1156.64382657593,1962
ZW,1176.71359401113,1961
ZW,1141.96564304235,1960
